"Name","BehaviorType","CanMoveAtSameTime","Targeted","CanAutoShoot","Cooldown","ActiveTime","CastingTime","CastingRange","MaxCastingRange","RechargeTime","MaxCharge","Damage","MsBetweenAttacks","Spread","AttackPattern","NumBulletsInOneAttack","TwoGuns","ExecuteFirstAttackImmediately","ChargePushback","ChargeSpeed","ChargeType","NumSpawns","MaxSpawns","BreakInvisibilityOnAttack","SeeInvisibilityDistance","AlwaysCastAtMaxRange","Projectile","SummonedCharacter","AreaEffectObject","AreaEffectObject2","SpawnedItem","IconSWF","IconExportName","LargeIconSWF","LargeIconExportName","ButtonSWF","ButtonExportName","AttackEffect","UseEffect","EndEffect","LoopEffect","LoopEffect2","ChargeMoveSound","MultiShot","SkillCanChange","ShowTimerBar"
"string","String","boolean","boolean","boolean","int","int","int","int","int","int","int","int","int","int","int","int","boolean","boolean","int","int","int","int","int","boolean","int","boolean","string","string","string","string","string","string","string","string","string","string","string","string","string","string","string","string","string","boolean","boolean","boolean"
"ShotgunGirlWeapon","Attack","true","true","true",250,150,,23,,1500,3,300,100,60,,5,,"true",,,,,,,,,"ShotgunGirlProjectile",,,,,,,,,"sc/ui.sc","rapid_fire_button","shelly_def_atk",,,,,,,,
"ShotgunGirlUlti","Attack","true","true","true",250,150,,23,,,,320,100,100,,9,,"true",,,,,,,,,"ShotgunGirlUltiProjectile",,,,,,"skillicon_megablast",,,"sc/ui.sc","rapid_fire_button","shelly_def_ulti",,,,,,,,
"GunslingerWeapon","Attack","true","true","true",50,650,,27,,1600,3,300,100,0,,1,"true","true",,,,,,,,,"GunslingerProjectile",,,,,,,,,"sc/ui.sc","rapid_fire_button","colt_def_atk",,,,,,,,
"GunslingerUlti","Attack","true","true","true",50,1250,,33,,,,300,100,0,,1,"true","true",,,,,,,,,"GunslingerUltiProjectile",,,,,,"skillicon_bullet_storm",,,"sc/ui.sc","rapid_fire_button","colt_def_ulti","Dummy_effect",,,,,,,
"BullDudeWeapon","Attack","true","true","true",250,150,,16,,1600,3,400,100,90,,5,,"true",,,,,,,,,"BullDudeProjectile",,,,,,,,,"sc/ui.sc","rapid_fire_button","bull_def_atk",,,,,,,,
"BullDudeUlti","Charge",,"true","true",50,,,33,,,,800,,,,,,,130,1800,1,,,,,"true",,,,,,,"skillicon_powercharge",,,"sc/ui.sc","charge_button",,"bull_dude_ulti",,"bull_dude_ulti_loop",,"Rhinostep",,,
"RocketGirlWeapon","Attack","true","true","true",250,150,,30,,2100,3,1100,100,,,1,,"true",,,,,,,,,"RocketGirlProjectile",,,,,,,,,"sc/ui.sc","rapid_fire_button","brock_def_atk",,,,,,,,
"RocketGirlUlti","Attack","true","true","true",250,1850,,25,,,,1040,200,210,,1,,"true",,,,,,,,,"RocketGirlUltiProjectile",,,,,,"skillicon_bigger_granade",,,"sc/ui.sc","plasma_bomb_button","brock_def_ulti",,,,,,,,
"TrickshotDudeWeapon","Attack","true","true","true",50,800,,29,,1200,3,320,150,15,1,1,,"true",,,,,,,,,"TrickshotDudeProjectile",,,,,,,,,"sc/ui.sc","rapid_fire_button","rico_def_atk",,,,,,,,
"TrickshotDudeUlti","Attack","true","true","true",50,1250,,40,,,,320,100,20,1,1,,"true",,,,,,,,,"TrickshotDudeUltiProjectile",,,,,,"skillicon_bullet_storm",,,"sc/ui.sc","rapid_fire_button","rico_def_ulti",,,,,,,,
"CactusWeapon","Attack","true","true","true",250,150,,23,,2000,3,480,100,,,1,,"true",,,,,,,,,"CactusProjectile",,,,,,,,,"sc/ui.sc","rapid_fire_button","cactus_attack",,,,,,,,
"CactusUlti","Attack","true","true","true",250,150,,23,,,,400,100,0,,1,,"true",,,,,,,,,"CactusUltiProjectile",,,,,,"skillicon_bigger_granade",,,"sc/ui.sc","plasma_bomb_button","cactus_attack_ulti",,,,,,,,
"BarkeepWeapon","Attack","true","true","true",250,150,,22,,2000,3,680,100,0,,1,,"true",,,,,,,,,"BarkeepProjectile",,,,,,,,,"sc/ui.sc","plasma_bomb_button","barkeep_attack",,,,,,,,
"BarkeepUlti","Attack","true","true","true",250,1050,,28,,,,680,200,100,,1,,"true",,,,,,,,,"BarkeepUltiProjectile",,,,,,"skillicon_bigger_granade",,,"sc/ui.sc","plasma_bomb_button","barkeep_attack_ulti",,,,,,,,
"MechanicWeapon","Attack","true","true","true",250,150,,27,,1800,3,840,100,0,,1,,"true",,,,,,,,,"MechanicProjectile1",,,,,,,,,"sc/ui.sc","rapid_fire_button","mechanic_attack",,,,,,,,
"MechanicUlti","Attack","true","true","true",50,250,,15,,,,,200,,,1,,"true",,,,1,1,,,,"MechanicUltiProjectile","MechanicTurret",,,,,"skillicon_build_bigger_turret",,,"sc/ui.sc","turret_button","mechanic_ulti",,,,,,,,
"ShamanWeapon","Attack","true","true","true",250,150,,18,,1250,3,800,100,0,,1,,"true",,,,,,,,,"ShamanProjectile",,,,,,,,,"sc/ui.sc","rapid_fire_button","shaman_attack",,,,,,,,
"ShamanUlti","Attack","true","true","true",50,250,,15,,,,,200,,,1,,"true",,,,1,1,,,,"ShamanUltiProjectile","ShamanPet",,,,,"skillicon_build_bigger_turret",,,"sc/ui.sc","turret_button","shaman_ulti",,,,,,,,
"TntDudeWeapon","Attack","true","true","true",250,150,,22,,1700,3,760,100,30,,2,,"true",,,,,,,,,"TntDudeProjectile",,,,,,,,,"sc/ui.sc","plasma_bomb_button","tnt_attack",,,,,,,,
"TntDudeUlti","Attack","true","true","true",250,150,,22,,,,2200,100,0,,1,,"true",,,,,,,,,"TntDudeUltiProjectile",,,,,,"skillicon_dynamite_ulti",,,"sc/ui.sc","plasma_bomb_button","tnt_attack_ulti",,,,,,,,
"LuchadorWeapon","Attack","true","true","true",50,650,,9,,800,3,360,150,0,,1,"true","true",,,,,,,,,"LuchadorProjectile",,,,,,,,,"sc/ui.sc","rapid_fire_button","luchador_attack",,,,,,,,
"LuchadorUlti","Charge",,"true","true",50,,,27,,,,800,,,,,,,130,1600,3,,,,,,,,,,,,"skillicon_hammer_ulti",,,"sc/ui.sc","charge_button",,"luchador_ulti","luchador_ulti_ground_hit",,,,,,
"UndertakerWeapon","Charge",,"true","true",0,,,8,,2400,3,900,,,,,,,,2700,4,,,,,"true",,,,,,,"skillicon_powercharge",,,"sc/ui.sc","charge_button",,"mortis_def_atk",,,,,,,
"UndertakerUlti","Attack","true","true","true",0,200,,30,,,,900,150,,,1,,"true",,,,,,,,,"UndertakerUltiProjectile",,,,,,"skillicon_powercharge",,,"sc/ui.sc","rapid_fire_button","undertaker_attack_ulti","Dummy_effect",,,,,,,
"CrowWeapon","Attack","true","true","true",250,150,,26,,1400,3,320,100,45,,3,,"true",,,,,,,,,"CrowProjectile",,,,,,,,,"sc/ui.sc","rapid_fire_button","crow_attack",,,,,,,,
"CrowUlti","Charge",,"true","true",50,,,26,,,,320,,,,,,,0,3000,2,,,,,,,,"CrowUltiKnifes",,,,"skillicon_hammer_ulti",,,"sc/ui.sc","charge_button",,"crow_ulti",,,,,,,
"DeadMariachiWeapon","Attack","true","true","true",250,150,,21,,1600,3,660,100,130,,4,,"true",,,,,,,,,"DeadMariachiProjectile",,,,,,,,,"sc/ui.sc","rapid_fire_button","poco_def_atk_direct","poco_def_atk_root",,,,,,,
"DeadMariachiUlti","Attack","true","true","true",250,150,,28,,,,2100,100,130,,3,,"true",,,,,,,,,"DeadMariachiUltiProjectile",,,,,,"skillicon_powercharge",,,"sc/ui.sc","rapid_fire_button","poco_def_atk_direct","poco_def_ulti_root",,,,,,,
"BowDudeWeapon","Attack","true","true","true",50,650,,26,,1700,3,520,200,30,2,1,,"true",,,,,,,,,"BowDudeProjectile",,,,,,,,,"sc/ui.sc","rapid_fire_button","bow_dude_attack",,,,,,,,
"BowDudeUlti","Attack","true","true","true",50,250,,26,,,,1440,200,,,1,,"true",,,,1,1,,,,"BowDudeSpawnMineProjectile",,,,"BoxOfMines",,"skillicon_build_bigger_turret",,,"sc/ui.sc","button_mine","bo_def_ulti_attack",,,,,,,,
"SniperWeapon","Attack","true","true","true",500,150,,30,,2300,3,1600,100,,,1,,"true",,,,,,,,,"SniperProjectile",,,,,,,,,"sc/ui.sc","rapid_fire_button","sniper_attack",,,,,,,,
"SniperUlti","Charge",,"true","true",50,,,26,,,,900,,,,,,,0,1500,6,1,1,,,,,,,,"BoxOfBombs",,"skillicon_hammer_ulti",,,"sc/ui.sc","charge_button",,"sniper_ulti","sniper_landing_smoke_ring",,,,,,
"MinigunDudeWeapon","Attack","true","true","true",50,950,,27,,1300,3,260,100,60,3,1,,"true",,,,,,,,,"MinigunDudeProjectile",,,,,,,,,"sc/ui.sc","rapid_fire_button","pam_def_atk",,,,,,,,
"MinigunDudeUlti","Attack","true","true","true",50,250,,15,,,,,200,,,1,,"true",,,,1,1,,,,"MinigunDudeUltiProjectile","HealingStation",,,,,"skillicon_build_bigger_turret",,,"sc/ui.sc","button_mine","minigun_ulti",,,,,,,,
"BlackHoleWeapon","Attack","true","true","true",250,150,,24,,2000,3,420,100,50,,3,,"true",,,,,,,,,"BlackHoleProjectile",,,,,,,,,"sc/ui.sc","rapid_fire_button","blackhole_attack",,,,,,,,
"BlackHoleUlti","Attack","true","true","true",250,150,,20,,,,800,100,0,,1,,"true",,,,,,,,,"BlackHoleUltiProjectile",,,,,,"skillicon_bullet_storm",,,"sc/ui.sc","rapid_fire_button","blackhole_ulti",,,,,,,,
"BarrelBotWeapon","Attack","true","true","true",50,550,,18,,1800,3,280,250,80,,4,"true","true",,,,,,,,,"BarrelBotProjectile",,,,,,,,,"sc/ui.sc","rapid_fire_button","darryl_def_atk",,,,,,,,
"BarrelBotUlti","Charge",,"true","true",50,,,21,,,,400,,,,,,,70,2400,7,,,,,"true",,,,,,,"skillicon_powercharge",,,"sc/ui.sc","charge_button",,"barrel_bot_ulti",,"barrel_bot_ulti_loop",,"Barrelbot_step",,,
"ArtilleryDudeWeapon","Attack","true","true","true",250,150,,27,,2000,3,900,100,0,,1,,"true",,,,,,,,,"ArtilleryDudeProjectile",,,,,,,,,"sc/ui.sc","rapid_fire_button","penny_def_atk",,,,,,,,
"ArtilleryDudeUlti","Attack","true","true","true",50,250,,15,,,,,200,,,1,,"true",,,,1,1,,,,"ArtilleryDudeUltiProjectile","ArtilleryDudeTurret",,,,,"skillicon_build_bigger_turret",,,"sc/ui.sc","turret_button","artillery_dude_ulti",,,,,,,,
"Warp","Blink","true","true",,250,,,19,,,,,,,,,,,,,,,,,,,,,,,,"sc/ui.sc","item_icon_teleport",,,"sc/ui.sc","button_teleport",,,,,,,,,
"SupplyCrate","Attack","true","true",,250,,,14,,,,,,,,,,,,,,,,,,,,,,,"SupplyCrate",,,,,"sc/ui.sc","button_mine",,,,,,,,,
"Bow","Attack","true","true",,250,150,,20,40,,,600,100,0,,,,"true",,,,,,,,,,,,,,,,,,"sc/ui.sc","rapid_fire_button","laser_attack",,,,,,,,
"DummySkillForLaserBall","Attack","true","true",,250,150,,24,,,,,100,,,1,,"true",,,,,,,,,"DummyProjectileForLaserBall",,,,,,,,,,,"laser_ball_throw",,,,,,,,
"DummyUltiSkillForLaserBall","Attack","true","true",,250,150,,36,,,,,100,,,1,,"true",,,,,,,,,"DummyProjectileForLaserBall",,,,,,,,,,,"laser_ball_throw_ulti",,,,,,,,
"BossRapidFire","Attack",,"true",,50,1850,1250,40,,1250,3,900,300,90,3,1,,"true",,,,,,,,,"BossProjectile",,,,,,,,,"sc/ui.sc","rapid_fire_button","coop_boss_ranged_attack","coop_boss_skill_warning",,,,,,,
"BossCharge","Charge",,"true",,50,,1000,33,,,,1400,,,,,,,130,1800,1,,,,,"true",,,,,,,"skillicon_powercharge",,,"sc/ui.sc","charge_button",,,,"bull_dude_ulti_loop",,"Rhinostep",,,
"MeleeEnemyCharge","Charge",,"true",,50,,,33,,,,1000,,,,,,,130,2400,1,,,,,"true",,,,,,,"skillicon_powercharge",,,"sc/ui.sc","charge_button",,,,"bull_dude_ulti_loop",,"Rhinostep",,,
"HammerDudeWeapon","Attack",,"true","true",50,700,,18,,800,3,1200,600,130,,4,,,,,,,,,,,"HammerDudeProjectile",,,,,,,,,"sc/ui.sc","rapid_fire_button","hammer_dude_attack","hammer_dude_start_attack",,,,,,,
"HammerDudeUlti","Attack",,"true","true",50,1200,,21,,,,1200,1100,130,,4,,,,,,,,,,,"HammerDudeUltiProjectile",,,,,,,,,"sc/ui.sc","rapid_fire_button","hammer_dude_ulti","hammer_dude_start_ulti",,,,,,,
"HookWeapon","Attack","true","true","true",250,150,,17,,2000,3,1000,100,0,,1,,"true",,,,,,,,,"HookProjectile",,,,,,,,,"sc/ui.sc","rapid_fire_button","gene_def_atk",,,,,,,,
"HookUlti","Attack","true","true","true",250,150,,23,,,,,100,,,1,,"true",,,,,,,,,"HookUltiProjectile",,,,,,,,,"sc/ui.sc","rapid_fire_button","gene_def_ulti",,,,,,,,
"ClusterBombDudeWeapon","Attack","true","true","true",250,150,,26,,2200,3,640,100,0,,1,,"true",,,,,,,,,"ClusterBombProjectile",,,,,,"skillicon_dynamite_ulti",,,"sc/ui.sc","plasma_bomb_button","tick_def_atk",,,,,,,,
"ClusterBombDudeUlti","Attack","true","true","true",50,250,,10,,,,,200,,,1,,"true",,,,1,1,,,,"ClusterBombSummonProjectile","ClusterBombPet",,,,,"skillicon_build_bigger_turret",,,"sc/ui.sc","turret_button","tick_attack_ulti","tick_def_ulti",,,,,,,
"BoneThrowerWeapon","Attack","true","true","true",250,150,,27,,2000,3,,100,0,,1,,"true",,,,,,,,,"BoneThrowerProjectile",,,,,,,,,"sc/ui.sc","plasma_bomb_button","bonethrower_attack",,,,,,,,
"BoneThrowerUlti","Attack","true","true","true",250,150,,27,,,,100,500,,,1,,"true",,,,,,,,,"BoneThrowerUltiProjectile",,,,,,"skillicon_bigger_granade",,,"sc/ui.sc","plasma_bomb_button","bonethrower_ulti",,,,,,,,
"NinjaWeapon","Attack","true","true","true",50,450,,29,,1900,3,440,100,35,2,1,"true","true",,,,,,,,,"NinjaProjectile",,,,,,,,,"sc/ui.sc","rapid_fire_button","ninja_attack",,,,,,,,
"NinjaUlti","Invisibility","true",,"true",50,6000,,,,,,,,,,,,,,,,,,"true",1200,,,,,,,,,,,"sc/ui.sc","button_sprint",,,,,,,,,"true"
"RosaWeapon","Attack","true","true","true",50,800,,11,,1000,3,460,250,130,,3,"true","true",,,,,,,,,"RosaProjectile",,,,,,,,,"sc/ui.sc","rapid_fire_button","rosa_def_atk",,,,,,,,
"RosaUlti","Shield","true",,"true",50,3000,,,,,,,70,,,,,,,,,,,,,,,,,,,,,,,"sc/ui.sc","button_sprint",,"rosa_def_ulti",,"rosa_def_ulti_loop",,,,,"true"
"SandstormUlti","Attack","true","true","true",250,150,,22,,,,,100,0,,1,,"true",,,,,,,,,"SandstormUltiProjectile",,,,,,"skillicon_dynamite_ulti",,,"sc/ui.sc","plasma_bomb_button","tnt_attack_ulti",,,,,,,,
"RaidBossRapidFire","Attack",,"true",,50,1850,1250,60,,1250,3,1200,300,100,2,1,,"true",,,,,,,,,"RaidBossProjectileRed",,,,,,,,,"sc/ui.sc","rapid_fire_button","raid_boss_ranged_attack","raidboss_skill_warning_long",,,,,,"true",
"RaidBossRapidFire2","Attack",,"true",,50,1850,1000,60,,1250,3,1400,200,150,2,1,,"true",,,,,,,,,"RaidBossProjectileRed",,,,,,,,,"sc/ui.sc","rapid_fire_button","raid_boss_ranged_attack","raidboss_skill_warning_medium",,,,,,"true",
"RaidBossRapidFire3","Attack",,"true",,50,1850,750,60,,1250,3,1700,100,250,2,1,,"true",,,,,,,,,"RaidBossProjectileRedDestroyEnv",,,,,,,,,"sc/ui.sc","rapid_fire_button","raid_boss_ranged_attack","raidboss_skill_warning_short",,,,,,"true",
"RaidBossRapidFire4","Attack",,"true",,50,1850,750,60,,1250,3,2000,100,250,2,1,,"true",,,,,,,,,"RaidBossProjectileGold",,,,,,,,,"sc/ui.sc","rapid_fire_button","raid_boss_ranged_attack","raidboss_skill_warning_short",,,,,,"true",
"RaidBossCharge","Charge",,"true",,50,,1250,40,,,,1200,,,,,,,130,2000,1,,,,,"true",,,,,,,"skillicon_powercharge",,,"sc/ui.sc","charge_button",,"raidboss_skill_warning_long",,"bull_dude_ulti_loop",,"Rhinostep",,"true",
"RaidBossCharge2","Charge",,"true",,50,,1000,50,,,,1400,,,,,,,130,2500,1,,,,,"true",,,,,,,"skillicon_powercharge",,,"sc/ui.sc","charge_button",,"raidboss_skill_warning_medium",,"bull_dude_ulti_loop",,"Rhinostep",,"true",
"RaidBossCharge3","Charge",,"true",,50,,750,60,,,,1700,,,,,,,130,3000,1,,,,,"true",,,,,,,"skillicon_powercharge",,,"sc/ui.sc","charge_button",,"raidboss_skill_warning_short",,"bull_dude_ulti_loop",,"Rhinostep",,"true",
"RaidBossCharge4","Charge",,"true",,50,,750,60,,,,2000,,,,,,,130,3000,1,,,,,"true",,,,,,,"skillicon_powercharge",,,"sc/ui.sc","charge_button",,"raidboss_skill_warning_short",,"bull_dude_ulti_loop",,"Rhinostep",,"true",
"BossRapidFire2","Attack",,"true",,50,1850,1250,32,,1250,3,900,300,90,3,1,,"true",,,,,,,,,"BossProjectile",,,,,,,,,"sc/ui.sc","rapid_fire_button","raid_boss_ranged_attack","raidboss_skill_warning_long",,,,,,,
"BossRapidFire3","Attack",,"true",,50,1850,1250,32,,1250,3,900,300,90,3,1,,"true",,,,,,,,,"BossProjectile",,,,,,,,,"sc/ui.sc","rapid_fire_button","raid_boss_ranged_attack","raidboss_skill_warning_long",,,,,,,
"WhirlwindWeapon","Attack","true","true","true",500,150,,23,,0,1,600,100,0,,1,,"true",,,,,,,,,"WhirlwindProjectile",,,,,,,,,"sc/ui.sc","rapid_fire_button","whirlwind_attack",,,,,,,,
"WhirlwindUlti","Ww","true",,"true",50,3000,,7,,,,400,600,,,,,,,,,,,,,"true",,,,,,,,,,"sc/ui.sc","button_sprint",,,,"carl_def_ulti_loop","carl_def_ulti_ground",,,,"true"
"BaseballWeapon","Attack","true","true","true",50,700,,11,,800,3,1300,600,300,,1,,,200,2000,,,,,,,,,,,,,,,,"sc/ui.sc","rapid_fire_button","bibi_def_atk","bibi_swing",,,,,,,
"BaseballUlti","Attack","true","true","true",50,150,,120,,,,900,100,,,,,"true",,,,,,,,,"BaseballUltiProjectile",,,,,,"skillicon_powercharge",,,"sc/ui.sc","rapid_fire_button","bibi_def_ulti",,,,,,,,
"ArcadeWeapon","Attack","true","true","true",50,650,,30,,1500,3,320,100,18,3,1,,"true",,,,,,,,,"ArcadeProjectile",,,,,,,,,"sc/ui.sc","rapid_fire_button","arcade_def_atk",,,,,,,,
"ArcadeUlti","Attack","true","true","true",50,250,,15,,,,,200,,,1,,"true",,,,1,1,,,,"ArcadeUltiProjectile","DamageBooster",,,,,"skillicon_build_bigger_turret",,,"sc/ui.sc","button_mine",,"arcade_def_ulti_atk",,,,,,,
"SandstormWeapon","Attack","true","true","true",250,150,,18,,1800,3,900,100,80,4,3,,"true",,,,,,,,,"SandstormProjectile",,,,,,,,,"sc/ui.sc","rapid_fire_button","poco_def_atk_direct",,,,,,,,
"BeeSniperWeapon","Attack","true","true","true",250,150,,23,,1500,3,300,100,60,,5,,"true",,,,,,,,,"ShotgunGirlProjectile",,,,,,,,,"sc/ui.sc","rapid_fire_button","shelly_def_atk",,,,,,,,
"BeeSniperUlti","Attack","true","true","true",250,150,,23,,,,320,100,100,,9,,"true",,,,,,,,,"ShotgunGirlUltiProjectile",,,,,,"skillicon_megablast",,,"sc/ui.sc","rapid_fire_button","shelly_def_ulti",,,,,,,,
"BossRaceBossRapidFire","Attack",,"true",,50,1850,750,60,,1250,3,1400,200,150,2,1,,"true",,,,,,,,,"BossRaceBossProjectile",,,,,,,,,"sc/ui.sc","rapid_fire_button","raid_boss_ranged_attack","bossrace_skill_warning",,,,,,"true",
"BossRaceBossCharge","Charge",,"true",,50,,750,50,,,,1400,,,,,,,130,2500,1,,,,,"true",,,,,,,"skillicon_powercharge",,,"sc/ui.sc","charge_button",,,,"bull_dude_ulti_loop",,"Rhinostep",,,
"MummyWeapon","Attack","true","true","true",250,150,,20,,2100,3,500,100,80,5,5,,"true",,,,,,,,,"MummyProjectile",,,,,,,,,"sc/ui.sc","rapid_fire_button","emz_def_atk",,,,,,,,
"MummyUlti","AreaBuff","true",,"true",50,5000,,,,,,200,70,,,,,,,,,,,,,,,,"MummyUltiArea",,,,,,,"sc/ui.sc","button_sprint",,"emz_def_ulti_use",,"Dummy_effect",,,,,"true"
"BossRaceBossChainLightning","Attack",,"true",,50,1050,750,60,,1250,3,1400,200,150,2,1,,"true",,,,,,,,,"BossRaceBossLightningProjectile1",,,,,,,,,"sc/ui.sc","rapid_fire_button","raid_boss_ranged_attack","bossrace_skill_warning",,,,,,"true",
"BossRaceBossRockets","Attack",,"true",,50,1050,750,60,,1250,3,700,200,750,,1,,"true",,,,,,,,,"BossRaceBossRocketProjectile",,,,,,,,,"sc/ui.sc","rapid_fire_button","raid_boss_ranged_attack","bossrace_skill_warning",,,,,,"true",
"SpawnerDudeUlti","Attack","true","true","true",250,150,,23,,1500,3,300,100,60,,5,,"true",,,,,,,,,"ShotgunGirlProjectile",,,,,,,,,"sc/ui.sc","rapid_fire_button","shelly_def_atk",,,,,,,,
